{"loss": [0.7506468892097473, 0.12045460194349289, 0.07477115839719772, 0.05153463035821915, 0.036888837814331055], "accuracy": [0.7575757503509521, 0.959022045135498, 0.9751377701759338, 0.9818870425224304, 0.9884297251701355]}