{"loss": [0.8531762957572937, 0.23580972850322723, 0.16756589710712433, 0.1694030463695526, 0.10045897215604782], "accuracy": [0.7597566843032837, 0.9324609637260437, 0.9531221389770508, 0.954063355922699, 0.9714875817298889]}